Designator,Footprint,Quantity,Value,LCSC Part #
"C1, C2, C3, C4",C_Disc_D3.8mm_W2.6mm_P2.50mm,4,100nf,C14663
"H1, H2, H3, H4",MountingHole_3.2mm_M3,4,MountingHole,
"IC1, IC2, IC3, IC4",DIP-16_W7.62mm,4,74HC165,C5613
"J1, J2",IDC-Header_2x05_P2.54mm_Vertical_ksr_TO_J8_J9,2,sin_in,
"J3, J4, J5, J6",IDC-Header_2x05_P2.54mm_Vertical_ksr_dIN,4,sin_in,
"R1, R10, R11, R12, R13, R14, R15, R16, R17, R18, R19, R2, R20, R21, R22, R23, R24, R25, R26, R27, R28, R29, R3, R30, R31, R32, R33, R34, R35, R36, R4, R5, R6, R7, R8, R9",R_Axial_DIN0204_L3.6mm_D1.6mm_P7.62mm_Horizontal,36,10k,C1035
"RN1, RN2, RN3, RN4, RN5, RN6, RN7, RN8",R_Array_SIP6,8,R_Network05,
